id,category,n_variants,n_samples,sensitivity,between_sim,min_pair_sim,within_sim,excess_sensitivity,lexical_sim,exact_match_rate,length_cv,prompt_output_spearman,most_fragile_variant,reference_sim_mean,reference_sim_spread
fact_photosynthesis,factual,5,3,0.440069485891748,0.559930514108252,0.17407765595569785,0.8654545454545456,0.3055240313462936,0.5297619047619049,0.3,0.5163977794943223,0.8638447251622667,4,0.09911279587434138,0.06206961345055757
fact_capital,factual,5,3,0.3866666666666667,0.6133333333333333,0.39999999999999997,0.8400000000000001,0.2266666666666668,0.6777777777777778,0.3555555555555555,0.0,0.8815980264795302,3,0.20675462448872758,0.13483997249264842
reason_train,reasoning,5,3,0.6002904146487192,0.39970958535128076,0.24111311643235148,0.776924664602683,0.3772150792514022,0.4053014668700944,0.0,0.09938079899999065,0.9300954818304988,1,0.15313087788127216,0.04241898419838519
reason_apples,reasoning,5,3,0.6316002619699367,0.3683997380300633,0.16051447078102563,0.8551835193514356,0.48678378132137223,0.34854472659168223,0.0,0.06880209161537815,0.9515151515151514,3,0.16871191194789142,0.10209184121571671
advice_sleep,open_ended,5,3,0.7579675220943205,0.24203247790567955,0.13723414779467602,0.6279738469827978,0.38594136907711823,0.2465079365079365,0.0,0.13608276348795434,0.6626170426112704,3,,
rag_leave,rag_style,5,3,0.29297944892464955,0.7070205510753504,0.5903195258039288,0.9066924900332427,0.19967193895789226,0.7080495711613574,0.01111111111111111,0.1328257600693312,0.8060606060606059,2,0.26259261148592417,0.08092820429140565
rag_refund,rag_style,5,3,0.27964083577108156,0.7203591642289184,0.6390742296910032,0.9178069393765206,0.19744777514760214,0.7220911821256648,0.0,0.05499613322031964,0.8909090909090909,3,0.28553280855057644,0.03334423965058125
summarise_bike_lanes,summarisation,5,3,0.19226296784116514,0.8077370321588349,0.7543859649122808,0.9258865516507553,0.11814951949192043,0.8058961676995604,0.0,0.027922816319208513,0.34545454545454546,2,0.27060697447492854,0.03865733472418012
code_explain,code,5,3,0.45831835789920916,0.5416816421007908,0.37037037037037024,0.7416006216006215,0.19991897949983062,0.5570498637165305,0.02222222222222222,0.12777531299998798,0.13414883533020291,3,0.007897985036787897,0.039489925183939484
list_exercise,instruction,5,3,0.7786608012551343,0.22133919874486577,0.12197896393304092,0.642998187509275,0.4216589887644092,0.24000881834215165,0.0,0.1739130434782609,0.07878787878787878,1,,
